user_id,screen_name,party,chamber,state,bioname,icpsr,num_tweets
2962891515,RepAbraham,Republican,House,LA,"ABRAHAM, Ralph",21522,366
1609364557,AlmaforCongress,Democrat,House,NC,"ADAMS, Alma",21545,334
2916086925,RepAdams,Democrat,House,NC,"ADAMS, Alma",21545,2315
76452765,Robert_Aderholt,Republican,House,AL,"ADERHOLT, Robert",29701,475
41533245,aguilarpete,Democrat,House,CA,"AGUILAR, Peter Rey",21506,1
21669223,LamarAlexander,Republican,Senate,TN,"ALEXANDER, Lamar",40304,26
76649729,SenAlexander,Republican,Senate,TN,"ALEXANDER, Lamar",40304,2078
385111151,rickallen,Republican,House,GA,"ALLEN, Rick W.",21516,39
2964287128,RepRickAllen,Republican,House,GA,"ALLEN, Rick W.",21516,465
346964561,ColinAllredTX,Democrat,House,TX,"ALLRED, Colin",21900,431
1078355119920562176,RepColinAllred,Democrat,House,TX,"ALLRED, Colin",21900,1073
233842454,justinamash,Republican,House,MI,"AMASH, Justin",21143,1581
85689484,AmodeiForNevada,Republican,House,NV,"AMODEI, Mark E.",21196,1
402719755,MarkAmodeiNV2,Republican,House,NV,"AMODEI, Mark E.",21196,80
964996994623311874,Armstrong_ND,Republican,House,ND,"ARMSTRONG, Kelly",21901,94
1080515866255593472,RepArmstrongND,Republican,House,ND,"ARMSTRONG, Kelly",21901,1187
3609064098,JodeyArrington,Republican,House,TX,"ARRINGTON, Jodey Cook",21700,100
816284664658874368,RepArrington,Republican,House,TX,"ARRINGTON, Jodey Cook",21700,882
867495243482058755,Axne4Congress,Democrat,House,IA,"AXNE, Cynthia",21902,62
1080865917377097728,RepCindyAxne,Democrat,House,IA,"AXNE, Cynthia",21902,1025
2249022318,Babin4Congress,Republican,House,TX,"BABIN, Brian",21551,406
2929491549,RepBrianBabin,Republican,House,TX,"BABIN, Brian",21551,682
3109108467,DonJBacon,Republican,House,NE,"BACON, Donald J.",21701,803
818975124460335106,RepDonBacon,Republican,House,NE,"BACON, Donald J.",21701,3474
123563657,ElectJimBaird,Republican,House,IN,"BAIRD, James",21903,22
603083228,Troy_Balderson,Republican,House,OH,"BALDERSON, Troy",21759,84
1037341536592310272,RepBalderson,Republican,House,OH,"BALDERSON, Troy",21759,759
87510313,tammybaldwin,Democrat,Senate,WI,"BALDWIN, Tammy",29940,76
1074518754,SenatorBaldwin,Democrat,Senate,WI,"BALDWIN, Tammy",29940,1924
14836282,Jim_Banks,Republican,House,IN,"BANKS, James E.",21702,668
303633791,Nanette4CA,Democrat,House,CA,"BARRAGÃN, Nanette Diaz",21703,116
816833925456789505,RepBarragan,Democrat,House,CA,"BARRAGÃN, Nanette Diaz",21703,1607
202206694,SenJohnBarrasso,Republican,Senate,WY,"BARRASSO, John A.",40707,705
499268312,barrassoforwyo,Republican,Senate,WY,"BARRASSO, John A.",40707,49
115186195,barrforcongress,Republican,House,KY,"BARR, Garland H. (Andy) IV",21333,103
1089334250,RepAndyBarr,Republican,House,KY,"BARR, Garland H. (Andy) IV",21333,745
113494390,KarenBassTweets,Democrat,House,CA,"BASS, Karen",21110,126
239949176,RepKarenBass,Democrat,House,CA,"BASS, Karen",21110,912
582070020,JoyceBeatty,Democrat,House,OH,"BEATTY, Joyce",21352,823
1531521632,RepBeatty,Democrat,House,OH,"BEATTY, Joyce",21352,2271
224285242,SenatorBennet,Democrat,Senate,CO,"BENNET, Michael F.",40910,1110
43986986,BeraForCongress,Democrat,House,CA,"BERA, Ami",21304,25
950783972,RepBera,Democrat,House,CA,"BERA, Ami",21304,1011
751799352755052544,JackBergman_MI1,Republican,House,MI,"BERGMAN, John",21704,46
815241612154417152,RepJackBergman,Republican,House,MI,"BERGMAN, John",21704,298
2319503065,DonBeyerVA,Democrat,House,VA,"BEYER, Donald Sternoff Jr.",21554,219
2962868158,RepDonBeyer,Democrat,House,VA,"BEYER, Donald Sternoff Jr.",21554,6482
702601370344402944,andybiggs4az,Republican,House,AZ,"BIGGS, Andrew S.",21705,394
816652616625168388,RepAndyBiggsAZ,Republican,House,AZ,"BIGGS, Andrew S.",21705,6994
26051676,RepGusBilirakis,Republican,House,FL,"BILIRAKIS, Gus",20758,527
249410485,SanfordBishop,Democrat,House,GA,"BISHOP, Sanford Dixon, Jr.",29339,216
63150856,VoteMarsha,Republican,Senate,TN,"BLACKBURN, Marsha",20351,723
278145569,MarshaBlackburn,Republican,Senate,TN,"BLACKBURN, Marsha",20351,1793
15954997,repblumenauer,Democrat,House,OR,"BLUMENAUER, Earl",29588,823
278124059,SenBlumenthal,Democrat,Senate,CT,"BLUMENTHAL, Richard",41101,2358
4049197462,LisaBRochester,Democrat,House,DE,"BLUNT ROCHESTER, Lisa",21706,61
817050219007328258,RepLBR,Democrat,House,DE,"BLUNT ROCHESTER, Lisa",21706,606
21269970,RoyBlunt,Republican,Senate,MO,"BLUNT, Roy",29735,1874
558769636,RepBonamici,Democrat,House,OR,"BONAMICI, Suzanne",21198,2422
15808765,CoryBooker,Democrat,Senate,NJ,"BOOKER, Cory Anthony",41308,2819
2167097881,SenBooker,Democrat,Senate,NJ,"BOOKER, Cory Anthony",41308,734
5558312,JohnBoozman,Republican,Senate,AR,"BOOZMAN, John",20101,1392
111671288,Boozman4AR,Republican,Senate,AR,"BOOZMAN, John",20101,80
2964877294,RepBost,Republican,House,IL,"BOST, Mike",21519,621
231108733,RepBrendanBoyle,Democrat,House,PA,"BOYLE, Brendan Francis",21548,1384
4304448314,CongBoyle,Democrat,House,PA,"BOYLE, Brendan Francis",21548,1155
19926675,RepKevinBrady,Republican,House,TX,"BRADY, Kevin Patrick",29760,1952
570005456,bradyfortexas,Republican,House,TX,"BRADY, Kevin Patrick",29760,446
1861019372,braun4indiana,Republican,Senate,IN,"BRAUN, Michael",41900,126
1080870981877534720,SenatorBraun,Republican,Senate,IN,"BRAUN, Michael",41900,1134
915831762,ABrindisiNY,Democrat,House,NY,"BRINDISI, Anthony",21904,96
1080978331535896576,RepBrindisi,Democrat,House,NY,"BRINDISI, Anthony",21904,1563
237299871,RepMoBrooks,Republican,House,AL,"BROOKS, Mo",21193,1250
344201516,SusanBrooksIN,Republican,House,IN,"BROOKS, Susan",21331,5
1074101017,SusanWBrooks,Republican,House,IN,"BROOKS, Susan",21331,1187
1378000346,AnthonyBrownMD4,Democrat,House,MD,"BROWN, Anthony Gregory",21707,97
823552974253342721,RepAnthonyBrown,Democrat,House,MD,"BROWN, Anthony Gregory",21707,1260
44251742,JuliaBrownley,Democrat,House,CA,"BROWNLEY, Julia",21308,14
1243902714,RepBrownley,Democrat,House,CA,"BROWNLEY, Julia",21308,1586
24768753,SherrodBrown,Democrat,Senate,OH,"BROWN, Sherrod",29389,494
43910797,SenSherrodBrown,Democrat,Senate,OH,"BROWN, Sherrod",29389,1480
20467163,VernBuchanan,Republican,House,FL,"BUCHANAN, Vernon G.",20709,362
34959770,BuckForColorado,Republican,House,CO,"BUCK, Kenneth Robert",21510,1
2862577383,RepKenBuck,Republican,House,CO,"BUCK, Kenneth Robert",21510,599
80956768,DrLarryBucshon,Republican,House,IN,"BUCSHON, Larry",21132,68
234812598,RepLarryBucshon,Republican,House,IN,"BUCSHON, Larry",21132,601
720353279176081408,buddforcongress,Republican,House,NC,"BUDD, Theodore Paul",21708,253
817138492614524928,RepTedBudd,Republican,House,NC,"BUDD, Theodore Paul",21708,871
353890966,timburchett,Republican,House,TN,"BURCHETT, Timothy",21905,4263
15751083,michaelcburgess,Republican,House,TX,"BURGESS, Michael C.",20355,856
21157904,SenatorBurr,Republican,Senate,NC,"BURR, Richard M.",29548,267
257180565,CheriBustos,Democrat,House,IL,"BUSTOS, Cheri",21329,839
1092979962,RepCheri,Democrat,House,IL,"BUSTOS, Cheri",21329,1538
432676344,GKButterfield,Democrat,House,NC,"BUTTERFIELD, George Kenneth, Jr. (G.K.)",20340,821
42481696,BradleyByrne,Republican,House,AL,"BYRNE, Bradley",21376,2847
2253968388,RepByrne,Republican,House,AL,"BYRNE, Bradley",21376,1586
22545491,KenCalvert,Republican,House,CA,"CALVERT, Ken",29323,1133
138553197,TeamCalvert,Republican,House,CA,"CALVERT, Ken",29323,51
35567751,MariaCantwell,Democrat,Senate,WA,"CANTWELL, Maria E.",39310,13
117501995,SenatorCantwell,Democrat,Senate,WA,"CANTWELL, Maria E.",39310,1684
158890005,CapitoforWV,Republican,Senate,WV,"CAPITO, Shelley Moore",20146,182
193794406,SenCapito,Republican,Senate,WV,"CAPITO, Shelley Moore",20146,1971
3237898542,carbajalsalud,Democrat,House,CA,"CARBAJAL, Salud",21709,36
1222257180,RepCardenas,Democrat,House,CA,"CÃRDENAS, Tony",21309,960
109071031,SenatorCardin,Democrat,Senate,MD,"CARDIN, Benjamin Louis",15408,1108
278094476,BenCardinforMD,Democrat,Senate,MD,"CARDIN, Benjamin Louis",15408,271
249787913,SenatorCarper,Democrat,Senate,DE,"CARPER, Thomas Richard",15015,1637
381577682,TomCarperforDE,Democrat,Senate,DE,"CARPER, Thomas Richard",15015,132
199325935,RepAndreCarson,Democrat,House,IN,"CARSON, Andre",20757,755
267316393,Andre4Congress,Democrat,House,IN,"CARSON, Andre",20757,29
295712099,Buddy_Carter,Republican,House,GA,"CARTER, Buddy",21513,213
2973870195,RepBuddyCarter,Republican,House,GA,"CARTER, Buddy",21513,459
18030431,JudgeCarter,Republican,House,TX,"CARTER, John R.",20356,674
404355121,JudgeJohnCarter,Republican,House,TX,"CARTER, John R.",20356,444
472315803,CartwrightPA,Democrat,House,PA,"CARTWRIGHT, Matt",21358,22
776664410,RepCartwright,Democrat,House,PA,"CARTWRIGHT, Matt",21358,434
21737536,EdCaseHawaii,Democrat,House,HI,"CASE, Ed",20322,5
1081350574589833221,RepEdCase,Democrat,House,HI,"CASE, Ed",20322,690
94154021,Bob_Casey,Democrat,Senate,PA,"CASEY, Robert (Bob), Jr.",40703,67
171598736,SenBobCasey,Democrat,Senate,PA,"CASEY, Robert (Bob), Jr.",40703,2256
55677432,BillCassidy,Republican,Senate,LA,"CASSIDY, Bill",20919,998
66804351,SeanCasten,Democrat,House,IL,"CASTEN, Sean",21906,2375
955598085526360064,VoteCasten,Democrat,House,IL,"CASTEN, Sean",21906,10
1083472286089396224,RepCasten,Democrat,House,IL,"CASTEN, Sean",21906,1607
1880674038,USRepKCastor,Democrat,House,FL,"CASTOR, Kathy",20708,2346
756123897783808000,KathyCastorFL,Democrat,House,FL,"CASTOR, Kathy",20708,711
231510077,JoaquinCastrotx,Democrat,House,TX,"CASTRO, Joaquin",21362,2942
323440720,Castro4Congress,Democrat,House,TX,"CASTRO, Joaquin",21362,7137
23775782,SteveChabot,Republican,House,OH,"CHABOT, Steve",29550,66
237750442,RepSteveChabot,Republican,House,OH,"CHABOT, Steve",29550,544
98471035,Liz_Cheney,Republican,House,WY,"CHENEY, Liz",21710,338
816719802328715264,RepLizCheney,Republican,House,WY,"CHENEY, Liz",21710,390
193732179,RepJudyChu,Democrat,House,CA,"CHU, Judy",20955,1050
793208286,JudyChuCampaign,Democrat,House,CA,"CHU, Judy",20955,7
23593446,davidcicilline,Democrat,House,RI,"CICILLINE, David N.",21172,3554
876894308309147650,GilCisnerosCA,Democrat,House,CA,"CISNEROS, Gil",21907,324
1080986167003230208,RepGilCisneros,Democrat,House,CA,"CISNEROS, Gil",21907,1677
240812994,RepYvetteClarke,Democrat,House,NY,"CLARKE, Yvette Diane",20733,1220
550131748,VoteYvette,Democrat,House,NY,"CLARKE, Yvette Diane",20733,96
23201727,KatherineClark,Democrat,House,MA,"CLARK, Katherine M.",21375,55
2293131060,RepKClark,Democrat,House,MA,"CLARK, Katherine M.",21375,2008
584912320,LacyClayMO1,Democrat,House,MO,"CLAY, William Lacy, Jr.",20147,7189
163570705,repcleaver,Democrat,House,MO,"CLEAVER, Emanuel, II",20517,1428
801478506,Vote4Cleaver,Democrat,House,MO,"CLEAVER, Emanuel, II",20517,191
40264497,Cline4Virginia,Republican,House,VA,"CLINE, Benjamin",21908,59
1072158357237174272,RepBenCline,Republican,House,VA,"CLINE, Benjamin",21908,552
23725826,MichaelJCloud,Republican,House,TX,"CLOUD, Michael",21758,124
188019606,WhipClyburn,Democrat,House,SC,"CLYBURN, James Enos",39301,1395
2389877058,ClyburnSC06,Democrat,House,SC,"CLYBURN, James Enos",39301,58
34884583,ReElectCohen,Democrat,House,TN,"COHEN, Stephen",20748,7
162069635,RepCohen,Democrat,House,TN,"COHEN, Stephen",20748,2766
23124635,TomColeOK04,Republican,House,OK,"COLE, Tom",20344,486
1058256326,RepChrisCollins,Republican,House,NY,"COLLINS, Chris",21345,254
343358379,Douglas_Collins,Republican,House,GA,"COLLINS, Doug",21323,184
1060487274,RepDougCollins,Republican,House,GA,"COLLINS, Doug",21323,1131
19726613,SenatorCollins,Republican,Senate,ME,"COLLINS, Susan Margaret",49703,464
838462994,KYComer,Republican,House,KY,"COMER, James",21565,226
295685416,ConawayTX11,Republican,House,TX,"CONAWAY, K. Michael",20531,171
78445977,GerryConnolly,Democrat,House,VA,"CONNOLLY, Gerald E. (Gerry)",20952,941
125706625,ElectConnolly,Democrat,House,VA,"CONNOLLY, Gerald E. (Gerry)",20952,83
57177310,joinpaulcook,Republican,House,CA,"COOK, Paul",21305,2
1074412920,RepPaulCook,Republican,House,CA,"COOK, Paul",21305,41
15324851,ChrisCoons,Democrat,Senate,DE,"COONS, Christopher A.",40916,2761
22523087,repjimcooper,Democrat,House,TN,"COOPER, James Hayes Shofner",15019,912
600470774,CoopForCongress,Democrat,House,TN,"COOPER, James Hayes Shofner",15019,427
13218102,JohnCornyn,Republican,Senate,TX,"CORNYN, John",40305,5885
815985039485837312,RepLouCorrea,Democrat,House,CA,"CORREA, Jose Luis",21711,290
3145735852,CatherineForNV,Democrat,Senate,NV,"CORTEZ MASTO, Catherine Marie",41700,35
811313565760163844,SenCortezMasto,Democrat,Senate,NV,"CORTEZ MASTO, Catherine Marie",41700,2776
245451804,RepJimCosta,Democrat,House,CA,"COSTA, Jim",20501,583
343041182,TomCottonAR,Republican,Senate,AR,"COTTON, Tom",21301,482
968650362,SenTomCotton,Republican,Senate,AR,"COTTON, Tom",21301,1127
85396297,RepJoeCourtney,Democrat,House,CT,"COURTNEY, Joe",20706,1247
183351637,JoeCourtneyCT,Democrat,House,CT,"COURTNEY, Joe",20706,2
882843534750961664,TJCoxCongress,Democrat,House,CA,"COX, TJ",21909,70
1080875913926139910,RepTjCox,Democrat,House,CA,"COX, TJ",21909,1270
411861905,AngieCraigMN,Democrat,House,MN,"CRAIG, Angela",21910,411
1080222360643485698,RepAngieCraig,Democrat,House,MN,"CRAIG, Angela",21910,1368
28267055,kevincramer,Republican,Senate,ND,"CRAMER, Kevin",21350,27
600463589,MikeCrapo,Republican,Senate,ID,"CRAPO, Michael Dean",29345,1369
50918998,Crawford4Cong,Republican,House,AR,"CRAWFORD, Rick",21106,140
233693291,RepRickCrawford,Republican,House,AR,"CRAWFORD, Rick",21106,1393
930552552302792705,DanCrenshawTX,Republican,House,TX,"CRENSHAW, Daniel",21911,965
1080894931311431682,RepDanCrenshaw,Republican,House,TX,"CRENSHAW, Daniel",21911,742
38970940,CharlieCrist,Democrat,House,FL,"CRIST, Charlie Joseph Jr.",21712,152
816030424778543104,RepCharlieCrist,Democrat,House,FL,"CRIST, Charlie Joseph Jr.",21712,807
851477335052140544,JasonCrowCO6,Democrat,House,CO,"CROW, Jason",21912,323
1080191866509901826,RepJasonCrow,Democrat,House,CO,"CROW, Jason",21912,1426
23022687,tedcruz,Republican,Senate,TX,"CRUZ, Rafael Edward (Ted)",41304,3298
1074480192,SenTedCruz,Republican,Senate,TX,"CRUZ, Rafael Edward (Ted)",41304,3509
210926192,RepCuellar,Democrat,House,TX,"CUELLAR, Henry",20533,641
1239664741,CuellarCampaign,Democrat,House,TX,"CUELLAR, Henry",20533,92
787373558,RepCummings,Democrat,House,MD,"CUMMINGS, Elijah Eugene",29587,776
1961794370,ReElectCummings,Democrat,House,MD,"CUMMINGS, Elijah Eugene",29587,163
826589191412862976,JoeCunninghamSC,Democrat,House,SC,"CUNNINGHAM, Joe",21913,573
1080198683713507335,RepCunningham,Democrat,House,SC,"CUNNINGHAM, Joe",21913,1091
26057209,CurtisUT,Republican,House,UT,"CURTIS, John R.",21755,133
931614483050414080,RepJohnCurtis,Republican,House,UT,"CURTIS, John R.",21755,1411
11651202,SteveDaines,Republican,Senate,MT,"DAINES, Steve",21338,854
214767677,DainesforMT,Republican,Senate,MT,"DAINES, Steve",21338,99
742735530287304704,WarrenDavidson,Republican,House,OH,"DAVIDSON, Warren",21564,1375
950952511556538368,sharicedavids,Democrat,House,KS,"DAVIDS, Sharice",21914,283
1080516116395499522,RepDavids,Democrat,House,KS,"DAVIDS, Sharice",21914,966
789244177,RepDannyDavis,Democrat,House,IL,"DAVIS, Danny K.",29717,1127
586076955,ElectRodney,Republican,House,IL,"DAVIS, Rodney",21328,3
993153006,RodneyDavis,Republican,House,IL,"DAVIS, Rodney",21328,1193
432771620,RepSusanDavis,Democrat,House,CA,"DAVIS, Susan A.",20108,314
567508925,RepDean,Democrat,House,PA,"DEAN, Madeleine",21915,1528
935717078966964228,mad4pa,Democrat,House,PA,"DEAN, Madeleine",21915,18
195115786,DeFazio4Oregon,Democrat,House,OR,"DeFAZIO, Peter Anthony",15410,128
252249233,RepPeterDeFazio,Democrat,House,OR,"DeFAZIO, Peter Anthony",15410,437
28599820,RepDianaDeGette,Democrat,House,CO,"DeGETTE, Diana",29710,958
952540201,DeGette5280,Democrat,House,CO,"DeGETTE, Diana",29710,294
140519774,rosadelauro,Democrat,House,CT,"DeLAURO, Rosa L.",29109,1124
893496121,Rosa_DeLauro,Democrat,House,CT,"DeLAURO, Rosa L.",29109,30
41225640,SuzanDelBene,Democrat,House,WA,"DelBENE, Suzan K.",31101,269
995193054,RepDelBene,Democrat,House,WA,"DelBENE, Suzan K.",31101,1485
829061809135030272,DelgadoforNY19,Democrat,House,NY,"DELGADO, Antonio",21916,1871
1080485692298444800,repdelgado,Democrat,House,NY,"DELGADO, Antonio",21916,1841
798973032362606600,RepValDemings,Democrat,House,FL,"DEMINGS, Valdez Butler",21713,4132
30252303,MarkDeSaulnier,Democrat,House,CA,"DESAULNIER, Mark James",21504,258
27775884,tndesjarlais,Republican,House,TN,"DESJARLAIS, Scott",21179,13
235312723,DesJarlaisTN04,Republican,House,TN,"DESJARLAIS, Scott",21179,1453
65541270,TedDeutch,Democrat,House,FL,"DEUTCH, Theodore E. (Ted)",20959,462
137794015,RepTedDeutch,Democrat,House,FL,"DEUTCH, Theodore E. (Ted)",20959,2463
37094727,MarioDB,Republican,House,FL,"DIAZ-BALART, Mario",20316,1734
374816353,MarioDBCamp,Republican,House,FL,"DIAZ-BALART, Mario",20316,111
2361650234,DebDingell,Democrat,House,MI,"DINGELL, Debbie",21529,21
2970279814,RepDebDingell,Democrat,House,MI,"DINGELL, Debbie",21529,1769
153944899,RepLloydDoggett,Democrat,House,TX,"DOGGETT, Lloyd Alton, II",29571,3065
170111219,LloydDoggettTX,Democrat,House,TX,"DOGGETT, Lloyd Alton, II",29571,306
39249305,USRepMikeDoyle,Democrat,House,PA,"DOYLE, Michael F.",29561,909
328679423,TammyforIL,Democrat,Senate,IL,"DUCKWORTH, Tammy",21325,125
1058520120,SenDuckworth,Democrat,Senate,IL,"DUCKWORTH, Tammy",21325,2484
18229117,Duffy4Wisconsin,Republican,House,WI,"DUFFY, Sean",21189,33
234022257,RepSeanDuffy,Republican,House,WI,"DUFFY, Sean",21189,707
21048033,Duncan4Congress,Republican,House,SC,"DUNCAN, Jeff",21174,93
240393970,RepJeffDuncan,Republican,House,SC,"DUNCAN, Jeff",21174,1771
3433189197,DunnCampaign,Republican,House,FL,"DUNN, Neal Patrick",21714,23
815952318487298048,DrNealDunnFL2,Republican,House,FL,"DUNN, Neal Patrick",21714,520
247334603,SenatorDurbin,Democrat,Senate,IL,"DURBIN, Richard Joseph",15021,3474
308794407,DickDurbin,Democrat,Senate,IL,"DURBIN, Richard Joseph",15021,1325
72431423,tomemmer,Republican,House,MN,"EMMER, Thomas Earl II",21531,167
2914515430,RepTomEmmer,Republican,House,MN,"EMMER, Thomas Earl II",21531,726
164007407,RepEliotEngel,Democrat,House,NY,"ENGEL, Eliot Lance",15603,1364
291756142,SenatorEnzi,Republican,Senate,WY,"ENZI, Michael B.",49706,476
1383059977,joniernst,Republican,Senate,IA,"ERNST, Joni",41502,937
2856787757,SenJoniErnst,Republican,Senate,IA,"ERNST, Joni",41502,1686
38960144,vgescobar,Democrat,House,TX,"ESCOBAR, Veronica",21917,862
1075517806551154689,RepEscobar,Democrat,House,TX,"ESCOBAR, Veronica",21917,3310
249348006,RepAnnaEshoo,Democrat,House,CA,"ESHOO, Anna Georges",29312,291
482713734,Eshoo4Congress,Democrat,House,CA,"ESHOO, Anna Georges",29312,18
182217410,EspaillatNY,Democrat,House,NY,"ESPAILLAT, Adriano J.",21715,4
817076257770835968,RepEspaillat,Democrat,House,NY,"ESPAILLAT, Adriano J.",21715,3184
722555010588872705,RonEstesKS,Republican,House,KS,"ESTES, Ron",21750,6
854715071116849157,RepRonEstes,Republican,House,KS,"ESTES, Ron",21750,754
90639372,RepDwightEvans,Democrat,House,PA,"EVANS, Dwight",21566,3821
4069841354,DwightEvansPA,Democrat,House,PA,"EVANS, Dwight",21566,3055
476256944,SenFeinstein,Democrat,Senate,CA,"FEINSTEIN, Dianne",49300,1735
694984534249594882,DrewFergusonGA,Republican,House,GA,"FERGUSON, Anderson Drew IV",21717,15
806583915012046854,RepDrewFerguson,Republican,House,GA,"FERGUSON, Anderson Drew IV",21717,427
1262017122,Abby4Iowa,Democrat,House,IA,"FINKENAUER, Abby",21918,473
1081256295469068288,RepFinkenauer,Democrat,House,IA,"FINKENAUER, Abby",21918,526
323490669,DebFischerNE,Republican,Senate,NE,"FISCHER, Debra (Deb)",41302,7
1071402577,SenatorFischer,Republican,Senate,NE,"FISCHER, Debra (Deb)",41302,1248
4905487413,BrianFitzUSA,Republican,House,PA,"FITZPATRICK, Brian K.",21718,39
816303263586914304,RepBrianFitz,Republican,House,PA,"FITZPATRICK, Brian K.",21718,792
50036176,chuck4congress,Republican,House,TN,"FLEISCHMANN, Chuck",21178,266
235190657,RepChuck,Republican,House,TN,"FLEISCHMANN, Chuck",21178,976
857009033882083329,Lizzie4Congress,Democrat,House,TX,"FLETCHER, Elizabeth",21919,80
1075904377221722113,RepFletcher,Democrat,House,TX,"FLETCHER, Elizabeth",21919,1250
97171189,Flores4Congress,Republican,House,TX,"FLORES, Bill",21182,1320
237312687,RepBillFlores,Republican,House,TX,"FLORES, Bill",21182,2872
18805303,JeffFortenberry,Republican,House,NE,"FORTENBERRY, Jeff",20518,408
188403766,Foster4Congress,Democrat,House,IL,"FOSTER, Bill",20749,147
1080509366,RepBillFoster,Democrat,House,IL,"FOSTER, Bill",20749,1174
16256269,virginiafoxx,Republican,House,NC,"FOXX, Virginia Ann",20521,334
61608485,foxxforcongress,Republican,House,NC,"FOXX, Virginia Ann",20521,31
349296252,LoisFrankel,Democrat,House,FL,"FRANKEL, Lois",21321,10
1077121945,RepLoisFrankel,Democrat,House,FL,"FRANKEL, Lois",21321,1505
18829123,mlfudge,Democrat,House,OH,"FUDGE, Marcia L.",20941,24
153486399,RepMarciaFudge,Democrat,House,OH,"FUDGE, Marcia L.",20941,940
172944579,RussFulcher,Republican,House,ID,"FULCHER, Russell",21920,6
1078741899572240384,RepRussFulcher,Republican,House,ID,"FULCHER, Russell",21920,585
26637348,TulsiGabbard,Democrat,House,HI,"GABBARD, Tulsi",21324,2101
1064206014,TulsiPress,Democrat,House,HI,"GABBARD, Tulsi",21324,314
58579942,mattgaetz,Republican,House,FL,"GAETZ, Matthew L. II",21719,2992
818948638890217473,RepMattGaetz,Republican,House,FL,"GAETZ, Matthew L. II",21719,2676
1558285818,MikeforWI,Republican,House,WI,"GALLAGHER, Michael",21720,108
49217025,RubenGallego,Democrat,House,AZ,"GALLEGO, Ruben",21502,2567
88806753,RepGaramendi,Democrat,House,CA,"GARAMENDI, John",20958,1691
1082427779583541248,RepChuyGarcia,Democrat,House,IL,"GARCÃA, JesÃºs",21921,1968
1080587263132733442,RepSylviaGarcia,Democrat,House,TX,"GARCIA, Sylvia",21922,2637
20879626,CoryGardner,Republican,Senate,CO,"GARDNER, Cory",21112,142
235217558,SenCoryGardner,Republican,Senate,CO,"GARDNER, Cory",21112,1059
3420965229,GregForMontana,Republican,House,MT,"GIANFORTE, Greg",21751,13
77839894,Bob_Gibbs,Republican,House,OH,"GIBBS, Bob",21165,20
234822928,RepBobGibbs,Republican,House,OH,"GIBBS, Bob",21165,383
72198806,SenGillibrand,Democrat,Senate,NY,"GILLIBRAND, Kirsten",20735,2212
899978622416695297,gillibrandny,Democrat,Senate,NY,"GILLIBRAND, Kirsten",20735,655
22055226,replouiegohmert,Republican,House,TX,"GOHMERT, Louie",20527,924
4827594804,LouieGohmertTX1,Republican,House,TX,"GOHMERT, Louie",20527,2
900516768032202752,golden4congress,Democrat,House,ME,"GOLDEN, Jared",21923,10
1080891667308298240,RepGolden,Democrat,House,ME,"GOLDEN, Jared",21923,615
398193180,JimmyGomezCA,Democrat,House,CA,"GOMEZ, Jimmy",21754,1295
900025544032624640,anthonygonzalez,Republican,House,OH,"GONZALEZ, Anthony",21924,366
1054381765224210432,RepAGonzalez,Republican,House,OH,"GONZALEZ, Anthony",21924,710
4424118432,Vicentecongress,Democrat,House,TX,"GONZALEZ, Vicente Jr.",21722,26
818536152588238849,RepGonzalez,Democrat,House,TX,"GONZALEZ, Vicente Jr.",21722,797
412595957,RepLanceGooden,Republican,House,TX,"GOODEN, Lance",21925,533
1029094268542099457,Lancegooden,Republican,House,TX,"GOODEN, Lance",21925,332
240760644,RepGosar,Republican,House,AZ,"GOSAR, Paul",21103,2608
431105217,JoshGottheimer,Democrat,House,NJ,"GOTTHEIMER, Josh S.",21723,343
815310506596691968,RepJoshG,Democrat,House,NJ,"GOTTHEIMER, Josh S.",21723,2494
432895323,LindseyGrahamSC,Republican,Senate,SC,"GRAHAM, Lindsey O.",29566,1985
161743731,RepKayGranger,Republican,House,TX,"GRANGER, Kay",29762,471
10615232,ChuckGrassley,Republican,Senate,IA,"GRASSLEY, Charles Ernest",14226,1448
118740781,GrassleyWorks,Republican,Senate,IA,"GRASSLEY, Charles Ernest",14226,226
587100576,garretgraves,Republican,House,LA,"GRAVES, Garret",21523,137
2951574214,RepGarretGraves,Republican,House,LA,"GRAVES, Garret",21523,532
29766367,RepSamGraves,Republican,House,MO,"GRAVES, Samuel",20124,1063
24852012,TomGravesGA14,Republican,House,GA,"GRAVES, Tom",20962,36
190328374,RepTomGraves,Republican,House,GA,"GRAVES, Tom",20962,619
156333623,RepAlGreen,Democrat,House,TX,"GREEN, Al",20529,560
327625079,RepAlGreenTX,Democrat,House,TX,"GREEN, Al",20529,10
93412074,DrMarkGreen4TN,Republican,House,TN,"GREEN, Mark",21926,183
1080477288955826176,RepMarkGreen,Republican,House,TN,"GREEN, Mark",21926,1437
130714799,MorganGriffith,Republican,House,VA,"GRIFFITH, H. Morgan",21191,13
234057152,RepMGriffith,Republican,House,VA,"GRIFFITH, H. Morgan",21191,276
28602948,RepRaulGrijalva,Democrat,House,AZ,"GRIJALVA, RaÃºl M.",20305,1719
135623073,standwithraul,Democrat,House,AZ,"GRIJALVA, RaÃºl M.",20305,13
2432952828,GrothmanforWI,Republican,House,WI,"GROTHMAN, Glenn",21559,221
2976606250,RepGrothman,Republican,House,WI,"GROTHMAN, Glenn",21559,1066
953749679166156800,GuestCongress,Republican,House,MS,"GUEST, Michael",21927,82
1081243468327018496,RepMichaelGuest,Republican,House,MS,"GUEST, Michael",21927,655
1908143071,RepGuthrie,Republican,House,KY,"GUTHRIE, Brett",20916,153
286476728,Deb4CongressNM,Democrat,House,NM,"HAALAND, Debra",21928,1343
1080695666760929280,RepDebHaaland,Democrat,House,NM,"HAALAND, Debra",21928,2801
1729773254,JimHagedornMN,Republican,House,MN,"HAGEDORN, Jim",21929,16
1083474782602125318,RepHagedorn,Republican,House,MN,"HAGEDORN, Jim",21929,836
438665212,joshua_harder,Democrat,House,CA,"HARDER, Josh",21930,21
1080851152151953410,RepJoshHarder,Democrat,House,CA,"HARDER, Josh",21930,1261
960962340,RepAndyHarrisMD,Republican,House,MD,"HARRIS, Andy",21139,245
30354991,KamalaHarris,Democrat,Senate,CA,"HARRIS, Kamala Devi",41701,3583
237763317,RepHartzler,Republican,House,MO,"HARTZLER, Vicky",21149,882
752590435537739776,VickyH4Congress,Republican,House,MO,"HARTZLER, Vicky",21149,48
361569788,Maggie_Hassan,Democrat,Senate,NH,"HASSAN, Margaret (Maggie)",41702,17
946549322,SenatorHassan,Democrat,Senate,NH,"HASSAN, Margaret (Maggie)",41702,1834
2348492935,alcee4congress,Democrat,House,FL,"HASTINGS, Alcee Lamar",29337,101
2433737761,RepHastingsFL,Democrat,House,FL,"HASTINGS, Alcee Lamar",29337,936
2352629311,HawleyMO,Republican,Senate,MO,"HAWLEY, Joshua David",41901,1283
4788702195,JahanaHayes,Democrat,House,CT,"HAYES, Jahana",21931,6
991721030631780354,JahanaHayesCT,Democrat,House,CT,"HAYES, Jahana",21931,244
1082086081238102018,RepJahanaHayes,Democrat,House,CT,"HAYES, Jahana",21931,1706
1068499286,RepDennyHeck,Democrat,House,WA,"HECK, Denny",21369,693
183062944,TeamHeinrich,Democrat,Senate,NM,"HEINRICH, Martin",20930,4
1099199839,MartinHeinrich,Democrat,Senate,NM,"HEINRICH, Martin",20930,1256
19168067,krhern,Republican,House,OK,"HERN, Kevin",21760,52
1067818539179024386,repkevinhern,Republican,House,OK,"HERN, Kevin",21760,369
97963837,JaimeForUSRep,Republican,House,WA,"HERRERA BEUTLER, Jaime",21187,170
242926427,HerreraBeutler,Republican,House,WA,"HERRERA BEUTLER, Jaime",21187,471
130003817,JodyHice,Republican,House,GA,"HICE, Jody Brownlow",21514,216
2975091705,CongressmanHice,Republican,House,GA,"HICE, Jody Brownlow",21514,1337
33576489,RepBrianHiggins,Democrat,House,NY,"HIGGINS, Brian",20519,1380
57334424,Higgins4WNY,Democrat,House,NY,"HIGGINS, Brian",20519,34
843636970538618880,RepClayHiggins,Republican,House,LA,"HIGGINS, Clay",21724,396
1011053278304591872,CaptClayHiggins,Republican,House,LA,"HIGGINS, Clay",21724,13
1740229652,ElectFrench,Republican,House,AR,"HILL, French",21503,19
2953974395,RepFrenchHill,Republican,House,AR,"HILL, French",21503,1318
839226269627621376,KatieHill4CA,Democrat,House,CA,"HILL, Katie",21932,1817
1068273911224094721,RepKatieHill,Democrat,House,CA,"HILL, Katie",21932,1264
31611298,jahimes,Democrat,House,CT,"HIMES, James A.",20907,1452
92186819,maziehirono,Democrat,Senate,HI,"HIRONO, Mazie",20713,580
382791093,SenJohnHoeven,Republican,Senate,ND,"HOEVEN, John",41107,795
334245076,GeorgeHolding,Republican,House,NC,"HOLDING, George E.B.",21349,2
1058460818,RepHolding,Republican,House,NC,"HOLDING, George E.B.",21349,138
811986281177772032,RepTrey,Republican,House,IN,"HOLLINGSWORTH, Joseph Albert III",21725,328
1083019402046513152,RepKendraHorn,Democrat,House,OK,"HORN, Kendra",21933,744
246478393,StevenHorsford,Democrat,House,NV,"HORSFORD, Steven",21339,144
389840566,RepHorsford,Democrat,House,NV,"HORSFORD, Steven",21339,1986
847098017274613761,HoulahanForPa,Democrat,House,PA,"HOULAHAN, Christina",21934,10
1052896620797460481,RepHoulahan,Democrat,House,PA,"HOULAHAN, Christina",21934,1322
22012091,LeaderHoyer,Democrat,House,MD,"HOYER, Steny Hamilton",14873,3283
266719387,StenyHoyer,Democrat,House,MD,"HOYER, Steny Hamilton",14873,131
16874915,RichHudson,Republican,House,NC,"HUDSON, Richard",21346,6
935033864,RepRichHudson,Republican,House,NC,"HUDSON, Richard",21346,1026
334894942,JaredHuffman,Democrat,House,CA,"HUFFMAN, Jared",21303,3976
1071102246,RepHuffman,Democrat,House,CA,"HUFFMAN, Jared",21303,892
23820360,billhuizenga,Republican,House,MI,"HUIZENGA, Bill",21142,553
233949261,RepHuizenga,Republican,House,MI,"HUIZENGA, Bill",21142,893
1305596696,Rep_Hunter,Republican,House,CA,"HUNTER, Duncan Duane",20963,248
2963445730,HurdOnTheHill,Republican,House,TX,"HURD, William Ballard",21550,577
262192574,cindyhydesmith,Republican,Senate,MS,"HYDE-SMITH, Cindy",41707,481
983348251972816896,SenHydeSmith,Republican,Senate,MS,"HYDE-SMITH, Cindy",41707,849
7270292,JimInhofe,Republican,Senate,OK,"INHOFE, James Mountain",15424,1025
20546536,InhofePress,Republican,Senate,OK,"INHOFE, James Mountain",15424,64
78403308,SenatorIsakson,Republican,Senate,GA,"ISAKSON, Johnny",29909,1121
80612021,JacksonLeeTX18,Democrat,House,TX,"JACKSON LEE, Sheila",29573,3693
193441812,PramilaJayapal,Democrat,House,WA,"JAYAPAL, Pramila",21726,1764
815733290955112448,RepJayapal,Democrat,House,WA,"JAYAPAL, Pramila",21726,5687
467823431,RepJeffries,Democrat,House,NY,"JEFFRIES, Hakeem",21343,744
479017220,TeamJeffries,Democrat,House,NY,"JEFFRIES, Hakeem",21343,13
81207735,JohnsonLeads,Republican,House,OH,"JOHNSON, Bill",21162,43
211530910,RepBillJohnson,Republican,House,OH,"JOHNSON, Bill",21162,867
140529899,DustyJohnson,Republican,House,SD,"JOHNSON, Dustin",21935,87
168502762,RepEBJ,Democrat,House,TX,"JOHNSON, Eddie Bernice",39305,359
24745957,RepHankJohnson,Democrat,House,GA,"JOHNSON, Hank",20712,967
97583689,ReElectHank,Democrat,House,GA,"JOHNSON, Hank",20712,342
827279765287559171,RepMikeJohnson,Republican,House,LA,"JOHNSON, Mike",21727,1471
142332083,RonJohnsonWI,Republican,Senate,WI,"JOHNSON, Ron",41111,59
233737858,SenRonJohnson,Republican,Senate,WI,"JOHNSON, Ron",41111,851
239548513,DougJones,Democrat,Senate,AL,"JONES, Gordon Douglas (Doug)",41705,384
941080085121175552,SenDougJones,Democrat,Senate,AL,"JONES, Gordon Douglas (Doug)",41705,590
26778110,RepWalterJones,Republican,House,NC,"JONES, Walter Beaman, Jr.",29546,10
18166778,Jim_Jordan,Republican,House,OH,"JORDAN, Jim",20738,1116
727242919,DaveJoyceOH14,Republican,House,OH,"JOYCE, David",21353,112
976969338,RepDaveJoyce,Republican,House,OH,"JOYCE, David",21353,735
969328139485802496,JohnJoyceForPA,Republican,House,PA,"JOYCE, John",21936,54
1082311988926124036,RepJohnJoyce,Republican,House,PA,"JOYCE, John",21936,807
172858784,timkaine,Democrat,Senate,VA,"KAINE, Timothy Michael (Tim)",41305,633
480872337,Marcy_Kaptur,Democrat,House,OH,"KAPTUR, Marcia Carolyn (Marcy)",15029,34
581141508,RepMarcyKaptur,Democrat,House,OH,"KAPTUR, Marcia Carolyn (Marcy)",15029,670
2966765501,RepJohnKatko,Republican,House,NY,"KATKO, John",21542,494
95546148,WilliamKeating,Democrat,House,MA,"KEATING, William R.",21140,59
232992031,USRepKeating,Democrat,House,MA,"KEATING, William R.",21140,178
113763245,MikeKellyforPA,Republican,House,PA,"KELLY, Mike",21167,5
935368364,MikeKellyPA,Republican,House,PA,"KELLY, Mike",21167,468
38285038,RobinLynneKelly,Democrat,House,IL,"KELLY, Robin L.",21371,1627
1339931490,RepRobinKelly,Democrat,House,IL,"KELLY, Robin L.",21371,1135
3317799825,RepTrentKelly,Republican,House,MS,"KELLY, Trent",21561,747
816683274076614656,SenJohnKennedy,Republican,Senate,LA,"KENNEDY, John Neely",41703,760
461720085,joekennedy,Democrat,House,MA,"KENNEDY, Joseph P. III",21335,1170
1055907624,RepJoeKennedy,Democrat,House,MA,"KENNEDY, Joseph P. III",21335,1212
771152516,RoKhanna,Democrat,House,CA,"KHANNA, Rohit",21728,5180
18674498,dankildee,Democrat,House,MI,"KILDEE, Dan",21372,47
1045110018,RepDanKildee,Democrat,House,MI,"KILDEE, Dan",21372,963
120518554,DerekKilmer,Democrat,House,WA,"KILMER, Derek",21368,80
1058917562,RepDerekKilmer,Democrat,House,WA,"KILMER, Derek",21368,1574
24215154,AndyKimNJ,Democrat,House,NJ,"KIM, Andy",21937,151
112740986,RepRonKind,Democrat,House,WI,"KIND, Ron",29769,314
156045092,KindforCongress,Democrat,House,WI,"KIND, Ron",29769,12
1068481578,SenAngusKing,Independent,Senate,ME,"KING, Angus Stanley, Jr.",41300,863
18277655,RepPeteKing,Republican,House,NY,"KING, Peter T.",29375,425
48117116,SteveKingIA,Republican,House,IA,"KING, Steve",20325,442
18004222,AdamKinzinger,Republican,House,IL,"KINZINGER, Adam",21128,1
219429281,RepKinzinger,Republican,House,IL,"KINZINGER, Adam",21128,547
272004287,Ann_Kirkpatrick,Democrat,House,AZ,"KIRKPATRICK, Ann",20902,182
1081240074946252801,RepKirkpatrick,Democrat,House,AZ,"KIRKPATRICK, Ann",20902,1356
22044727,SenAmyKlobuchar,Democrat,Senate,MN,"KLOBUCHAR, Amy",40700,430
33537967,amyklobuchar,Democrat,Senate,MN,"KLOBUCHAR, Amy",40700,3334
62649021,RajaForCongress,Democrat,House,IL,"KRISHNAMOORTHI, S. Raja",21730,112
814179031956488192,CongressmanRaja,Democrat,House,IL,"KRISHNAMOORTHI, S. Raja",21730,1528
89992368,AnnMcLaneKuster,Democrat,House,NH,"KUSTER, Ann McLane",21340,175
1058717720,RepAnnieKuster,Democrat,House,NH,"KUSTER, Ann McLane",21340,1337
317386234,DavidKustoff,Republican,House,TN,"KUSTOFF, David",21731,80
816012124505931780,RepDavidKustoff,Republican,House,TN,"KUSTOFF, David",21731,832
3107996233,ElectLaHood,Republican,House,IL,"LaHOOD, Darin",21562,6
3686482216,RepLaHood,Republican,House,IL,"LaHOOD, Darin",21562,935
19808819,DougLaMalfa,Republican,House,CA,"LaMALFA, Doug",21302,6
1069124515,RepLaMalfa,Republican,House,CA,"LaMALFA, Doug",21302,838
855240223432769538,ConorLambPA,Democrat,House,PA,"LAMB, Conor",21756,199
984456621417000960,RepConorLamb,Democrat,House,PA,"LAMB, Conor",21756,314
584012853,RepDLamborn,Republican,House,CO,"LAMBORN, Doug",20704,769
18909919,JimLangevin,Democrat,House,RI,"LANGEVIN, James",20136,1217
27044466,jameslankford,Republican,Senate,OK,"LANKFORD, James",21166,1
225921757,SenatorLankford,Republican,Senate,OK,"LANKFORD, James",21166,1355
158520264,larsenrick,Democrat,House,WA,"LARSEN, Richard Ray (Rick)",20145,64
50452197,RepJohnLarson,Democrat,House,CT,"LARSON, John B.",29908,1196
155585373,JohnLarsonCT,Democrat,House,CT,"LARSON, John B.",29908,59
15394954,boblatta,Republican,House,OH,"LATTA, Robert E.",20755,952
93575832,latta4congress,Republican,House,OH,"LATTA, Robert E.",20755,69
54300515,BrendaLLawrence,Democrat,House,MI,"LAWRENCE, Brenda L",21530,169
2863006655,RepLawrence,Democrat,House,MI,"LAWRENCE, Brenda L",21530,1144
88291132,AlLawsonJr,Democrat,House,FL,"LAWSON, Alfred Jr.",21732,6
818472418620608512,RepAlLawsonJr,Democrat,House,FL,"LAWSON, Alfred Jr.",21732,544
242836537,SenatorLeahy,Democrat,Senate,VT,"LEAHY, Patrick Joseph",14307,2431
248735463,RepBarbaraLee,Democrat,House,CA,"LEE, Barbara",29778,2278
414436134,BLeeForCongress,Democrat,House,CA,"LEE, Barbara",29778,2116
88784440,SenMikeLee,Republican,Senate,UT,"LEE, Mike",41110,376
2164909022,MikeLeeforUtah,Republican,Senate,UT,"LEE, Mike",41110,27
602919981,SusieLeeNV,Democrat,House,NV,"LEE, Susie",21938,446
1079061579973439488,RepSusieLee,Democrat,House,NV,"LEE, Susie",21938,3219
34715823,DebbieLesko,Republican,House,AZ,"LESKO, Debbie",21757,890
996094929733652481,RepDLesko,Republican,House,AZ,"LESKO, Debbie",21757,1653
21061366,Andy_Levin,Democrat,House,MI,"LEVIN, Andy",21940,212
1080277407867772930,RepAndyLevin,Democrat,House,MI,"LEVIN, Andy",21940,1192
14573926,MikeLevinCA,Democrat,House,CA,"LEVIN, Mike",21939,93
1072134139560620033,RepMikeLevin,Democrat,House,CA,"LEVIN, Mike",21939,1091
29450962,repjohnlewis,Democrat,House,GA,"LEWIS, John R.",15431,94
21059255,tedlieu,Democrat,House,CA,"LIEU, Ted",21507,4428
3044993235,RepTedLieu,Democrat,House,CA,"LIEU, Ted",21507,1361
1009269193,RepLipinski,Democrat,House,IL,"LIPINSKI, Daniel",20508,1175
510516465,daveloebsack,Democrat,House,IA,"LOEBSACK, Dave",20720,283
583486767,DaveForIowa,Democrat,House,IA,"LOEBSACK, Dave",20720,9
267938462,RepZoeLofgren,Democrat,House,CA,"LOFGREN, Zoe",29504,386
988858472132415489,ZoeLofgren,Democrat,House,CA,"LOFGREN, Zoe",29504,6
21572351,auctnr1,Republican,House,MO,"LONG, Billy",21150,13582
1444015610,USRepLong,Republican,House,MO,"LONG, Billy",21150,2486
586191770,standwithbarry,Republican,House,GA,"LOUDERMILK, Barry D.",21515,266
2914163523,RepLoudermilk,Republican,House,GA,"LOUDERMILK, Barry D.",21515,613
562232053,alanlowenthal,Democrat,House,CA,"LOWENTHAL, Alan",21313,120
1055730738,RepLowenthal,Democrat,House,CA,"LOWENTHAL, Alan",21313,1704
221792092,NitaLowey,Democrat,House,NY,"LOWEY, Nita M.",15612,893
733010480,Lowey4Congress,Democrat,House,NY,"LOWEY, Nita M.",15612,19
242772524,RepFrankLucas,Republican,House,OK,"LUCAS, Frank D.",29393,532
389017497,FrankDLucas,Republican,House,OK,"LUCAS, Frank D.",29393,13
1849261916,RepBlaine,Republican,House,MO,"LUETKEMEYER, Blaine",20926,355
2554870803,LuetkemeyerB,Republican,House,MO,"LUETKEMEYER, Blaine",20926,17
19318314,repbenraylujan,Democrat,House,NM,"LUJÃN, Ben Ray",20932,2256
91125308,peopleforben,Democrat,House,NM,"LUJÃN, Ben Ray",20932,28
950111395378597888,ElaineLuriaVA,Democrat,House,VA,"LURIA, Elaine",21941,547
1080292515939565568,RepElaineLuria,Democrat,House,VA,"LURIA, Elaine",21941,965
130901013,RepLynch,Democrat,House,MA,"LYNCH, Stephen F.",20119,3
310310133,RepStephenLynch,Democrat,House,MA,"LYNCH, Stephen F.",20119,892
811239440916054016,Malinowski,Democrat,House,NJ,"MALINOWSKI, Tomaz",21942,1029
1080898026418384897,RepMalinowski,Democrat,House,NJ,"MALINOWSKI, Tomaz",21942,522
119250381,CarolynBMaloney,Democrat,House,NY,"MALONEY, Carolyn Bosher",29379,2959
258900199,RepMaloney,Democrat,House,NY,"MALONEY, Carolyn Bosher",29379,3915
26283468,spmaloney,Democrat,House,NY,"MALONEY, Sean Patrick",21344,37
1072467470,RepSeanMaloney,Democrat,House,NY,"MALONEY, Sean Patrick",21344,1950
234374703,Sen_JoeManchin,Democrat,Senate,WV,"MANCHIN, Joe, III",40915,1794
23976316,RepKenMarchant,Republican,House,TX,"MARCHANT, Kenny",20532,31
21406834,SenMarkey,Democrat,Senate,MA,"MARKEY, Edward John",14435,2282
1129029661,EdMarkey,Democrat,Senate,MA,"MARKEY, Edward John",14435,1391
1240107944,RogerMarshallMD,Republican,House,KS,"MARSHALL, Roger Wayne",21734,1012
975200486,RepThomasMassie,Republican,House,KY,"MASSIE, Thomas",31102,2666
3170031728,BrianMastFL,Republican,House,FL,"MAST, Brian Jeffery",21735,241
814103950404239360,RepBrianMast,Republican,House,FL,"MAST, Brian Jeffery",21735,1303
38254095,DorisMatsui,Democrat,House,CA,"MATSUI, Doris",20538,619
169331127,Matsui4Congress,Democrat,House,CA,"MATSUI, Doris",20538,4
48255275,BenMcAdams,Democrat,House,UT,"McADAMS, Ben",21943,95
196362083,RepBenMcAdams,Democrat,House,UT,"McADAMS, Ben",21943,732
947956236804337664,lucymcbath,Democrat,House,GA,"McBATH, Lucy",21944,374
1082380458976051202,RepLucyMcBath,Democrat,House,GA,"McBATH, Lucy",21944,636
15428227,kevinomccarthy,Republican,House,CA,"MCCARTHY, Kevin",20703,115
19739126,GOPLeader,Republican,House,CA,"MCCARTHY, Kevin",20703,3231
26424123,RepMcCaul,Republican,House,TX,"McCAUL, Michael T.",20530,1070
743601590,McCaulforTexas,Republican,House,TX,"McCAUL, Michael T.",20530,428
15773898,tommcclintock,Republican,House,CA,"McCLINTOCK, Tom",20903,39
50152441,RepMcClintock,Republican,House,CA,"McCLINTOCK, Tom",20903,180
164414525,VoteBetty,Democrat,House,MN,"McCOLLUM, Betty",20122,1023
516880804,BettyMcCollum04,Democrat,House,MN,"McCOLLUM, Betty",20122,1717
365530059,Team_Mitch,Republican,Senate,KY,"McCONNELL, Addison Mitchell (Mitch)",14921,768
1249982359,senatemajldr,Republican,Senate,KY,"McCONNELL, Addison Mitchell (Mitch)",14921,634
459051498,Donald_McEachin,Democrat,House,VA,"MCEACHIN, Aston Donald",21736,335
816181091673448448,RepMcEachin,Democrat,House,VA,"MCEACHIN, Aston Donald",21736,1527
128664931,McGovernMA,Democrat,House,MA,"McGOVERN, James P.",29729,298
242426145,RepMcGovern,Democrat,House,MA,"McGOVERN, James P.",29729,2228
27676828,PatrickMcHenry,Republican,House,NC,"McHENRY, Patrick T.",20522,447
481437062,McHenryCampaign,Republican,House,NC,"McHENRY, Patrick T.",20522,353
240427862,RepMcKinley,Republican,House,WV,"McKINLEY, David",21188,766
17976923,cathymcmorris,Republican,House,WA,"McMORRIS RODGERS, Cathy",20535,1047
130733698,TeamCMR,Republican,House,WA,"McMORRIS RODGERS, Cathy",20535,23
176512266,jerrymcnerney,Democrat,House,CA,"McNERNEY, Jerry",20702,8
385429543,RepMcNerney,Democrat,House,CA,"McNERNEY, Jerry",20702,323
482450423,MarthaMcSally,Republican,Senate,AZ,"McSALLY, Martha",21501,100
2964949642,SenMcSallyAZ,Republican,Senate,AZ,"McSALLY, Martha",21501,1518
963480595,RepMarkMeadows,Republican,House,NC,"MEADOWS, Mark",21348,1786
22812754,RepGregoryMeeks,Democrat,House,NY,"MEEKS, Gregory W.",29776,1697
18695134,SenatorMenendez,Democrat,Senate,NJ,"MENENDEZ, Robert",29373,1843
407039290,BobMenendezNJ,Democrat,Senate,NJ,"MENENDEZ, Robert",29373,29
571214272,Grace4NY,Democrat,House,NY,"MENG, Grace",21342,2677
1051127714,RepGraceMeng,Democrat,House,NY,"MENG, Grace",21342,807
29201047,SenJeffMerkley,Democrat,Senate,OR,"MERKLEY, Jeff",40908,2333
223166587,JeffMerkley,Democrat,Senate,OR,"MERKLEY, Jeff",40908,976
903354645623566340,Meuser4Congress,Republican,House,PA,"MEUSER, Dan",21945,18
1080574793630527505,RepMeuser,Republican,House,PA,"MEUSER, Dan",21945,689
841994444,CarolMillerWV,Republican,House,WV,"MILLER, Carol",21946,18
1081318716573470720,RepCarolMiller,Republican,House,WV,"MILLER, Carol",21946,655
811632636598910976,RepPaulMitchell,Republican,House,MI,"MITCHELL, Paul",21737,822
41198239,JohnMoolenaar,Republican,House,MI,"MOOLENAAR, John",21526,8
2696643955,RepMoolenaar,Republican,House,MI,"MOOLENAAR, John",21526,55
1491350114,MooneyforWV,Republican,House,WV,"MOONEY, Alex X.",21557,1
2964526557,RepAlexMooney,Republican,House,WV,"MOONEY, Alex X.",21557,433
22669526,RepGwenMoore,Democrat,House,WI,"MOORE, Gwendolynne S. (Gwen)",20537,1403
784965392,Gwen4Congress,Democrat,House,WI,"MOORE, Gwendolynne S. (Gwen)",20537,953
18632666,JerryMoran,Republican,Senate,KS,"MORAN, Jerry",29722,773
977247448820305920,votemorelle,Democrat,House,NY,"MORELLE, Joseph D.",21761,42
1064595993222615040,RepJoeMorelle,Democrat,House,NY,"MORELLE, Joseph D.",21761,1644
248495200,sethmoulton,Democrat,House,MA,"MOULTON, Seth",21525,1898
3091316093,teammoulton,Democrat,House,MA,"MOULTON, Seth",21525,861
750046943905058816,DebbieforFL,Democrat,House,FL,"MUCARSEL-POWELL, Debbie",21947,887
1080941062028447744,RepDMP,Democrat,House,FL,"MUCARSEL-POWELL, Debbie",21947,3523
366304362,MarkwayneMullin,Republican,House,OK,"MULLIN, Markwayne",21355,315
1060370282,RepMullin,Republican,House,OK,"MULLIN, Markwayne",21355,711
18061669,lisamurkowski,Republican,Senate,AK,"MURKOWSKI, Lisa",40300,2684
150078976,ChrisMurphyCT,Democrat,Senate,CT,"MURPHY, Christopher",20707,3446
2853793517,SenMurphyOffice,Democrat,Senate,CT,"MURPHY, Christopher",20707,115
745372686596120576,SMurphyCongress,Democrat,House,FL,"MURPHY, Stephanie",21738,251
796183515998068736,RepStephMurphy,Democrat,House,FL,"MURPHY, Stephanie",21738,1282
158470209,MurrayCampaign,Democrat,Senate,WA,"MURRAY, Patty",49308,1291
293131808,PattyMurray,Democrat,Senate,WA,"MURRAY, Patty",49308,3370
40302336,RepJerryNadler,Democrat,House,NY,"NADLER, Jerrold Lewis",29377,1172
161411080,gracenapolitano,Democrat,House,CA,"NAPOLITANO, Grace Flores",29903,799
442824717,RepRichardNeal,Democrat,House,MA,"NEAL, Richard Edmund",15616,666
1542372750,JoeNeguse,Democrat,House,CO,"NEGUSE, Joseph",21948,561
1078749802765139968,RepJoeNeguse,Democrat,House,CO,"NEGUSE, Joseph",21948,2608
2930635215,RepNewhouse,Republican,House,WA,"NEWHOUSE, Daniel Milton",21556,745
2340948996,DonNorcross4NJ,Democrat,House,NJ,"NORCROSS, Donald",21536,222
3122099613,DonaldNorcross,Democrat,House,NJ,"NORCROSS, Donald",21536,844
61886317,RalphNorman,Republican,House,SC,"NORMAN, Ralph",21753,10
880480631108644864,RepRalphNorman,Republican,House,SC,"NORMAN, Ralph",21753,629
54412900,DevinNunes,Republican,House,CA,"NUNES, Devin",20307,885
2851579030,DevinGNunes,Republican,House,CA,"NUNES, Devin",20307,1
138203134,AOC,Democrat,House,NY,"OCASIO-CORTEZ, Alexandria",21949,3838
2573587962,TomOHalleran,Democrat,House,AZ,"O'HALLERAN, Thomas C.",21739,98
808416682972770304,RepOHalleran,Democrat,House,AZ,"O'HALLERAN, Thomas C.",21739,1516
12726012,PeteOlson,Republican,House,TX,"OLSON, Pete",20948,298
20053279,RepPeteOlson,Republican,House,TX,"OLSON, Pete",20948,2442
783792992,IlhanMN,Democrat,House,MN,"OMAR, Ilhan",21950,5022
1082334352711790593,Ilhan,Democrat,House,MN,"OMAR, Ilhan",21950,2046
116616867,StevenPalazzo,Republican,House,MS,"PALAZZO, Steven",21148,48
299883942,CongPalazzo,Republican,House,MS,"PALAZZO, Steven",21148,1311
31801993,FrankPallone,Democrat,House,NJ,"PALLONE, Frank, Jr.",15454,2477
1265423480,pallonefornj,Democrat,House,NJ,"PALLONE, Frank, Jr.",15454,202
2296943622,Palmer4Alabama,Republican,House,AL,"PALMER, Gary James",21500,64
2861616083,USRepGaryPalmer,Republican,House,AL,"PALMER, Gary James",21500,332
4228409359,JimmyPanetta,Democrat,House,CA,"PANETTA, James Varni",21740,55
796736612554117120,RepJimmyPanetta,Democrat,House,CA,"PANETTA, James Varni",21740,1498
574799823,ChrisPappasNH,Democrat,House,NH,"PAPPAS, Chris",21951,291
1067748650485497862,RepChrisPappas,Democrat,House,NH,"PAPPAS, Chris",21951,1273
74508260,BillPascrell,Democrat,House,NJ,"PASCRELL, William J., Jr.",29741,2414
515736574,PascrellforNJ,Democrat,House,NJ,"PASCRELL, William J., Jr.",29741,305
39834947,DrRandPaul,Republican,Senate,KY,"PAUL, Rand",41104,42
216881337,RandPaul,Republican,Senate,KY,"PAUL, Rand",41104,1059
1155335864,RepDonaldPayne,Democrat,House,NJ,"PAYNE, Donald, Jr.",31103,824
15764644,SpeakerPelosi,Democrat,House,CA,"PELOSI, Nancy",15448,2014
2461810448,TeamPelosi,Democrat,House,CA,"PELOSI, Nancy",15448,2743
890038958104735744,GregPenceIN,Republican,House,IN,"PENCE, Gregory",21952,83
1082369392229400576,RepGregPence,Republican,House,IN,"PENCE, Gregory",21952,751
1397501864,Perduesenate,Republican,Senate,GA,"PERDUE, David Alfred, Jr.",41501,820
2863210809,sendavidperdue,Republican,Senate,GA,"PERDUE, David Alfred, Jr.",41501,837
20552026,RepPerlmutter,Democrat,House,CO,"PERLMUTTER, Ed",20705,1657
105290638,Ed4Colorado,Democrat,House,CO,"PERLMUTTER, Ed",20705,125
18773159,RepScottPerry,Republican,House,PA,"PERRY, Scott",21356,663
145292853,Peters4Michigan,Democrat,Senate,MI,"PETERS, Gary C.",20923,8
236511574,SenGaryPeters,Democrat,Senate,MI,"PETERS, Gary C.",20923,1485
292594517,ScottPetersSD,Democrat,House,CA,"PETERS, Scott",21315,889
553863817,ScottPetersCA52,Democrat,House,CA,"PETERS, Scott",21315,98
39894447,deanbphillips,Democrat,House,MN,"PHILLIPS, Dean",21953,52
1061310112013434882,RepDeanPhillips,Democrat,House,MN,"PHILLIPS, Dean",21953,1258
14984637,chelliepingree,Democrat,House,ME,"PINGREE, Chellie",20920,1090
309070309,MarkPocan,Democrat,House,WI,"POCAN, Mark",21370,940
1206227149,repmarkpocan,Democrat,House,WI,"POCAN, Mark",21370,1881
617266600,katieporteroc,Democrat,House,CA,"PORTER, Katie",21954,568
1081222837459996672,RepKatiePorter,Democrat,House,CA,"PORTER, Katie",21954,1174
18915145,senrobportman,Republican,Senate,OH,"PORTMAN, Robert Jones (Rob)",29386,3647
2612307559,robportman,Republican,Senate,OH,"PORTMAN, Robert Jones (Rob)",29386,26
25086658,congbillposey,Republican,House,FL,"POSEY, Bill",20909,57
31013444,AyannaPressley,Democrat,House,MA,"PRESSLEY, Ayanna",21955,3510
1080584229510172678,RepPressley,Democrat,House,MA,"PRESSLEY, Ayanna",21955,2306
155669457,RepDavidEPrice,Democrat,House,NC,"PRICE, David Eugene",15438,1181
15949499,QuigleyCampaign,Democrat,House,IL,"QUIGLEY, Mike",20954,57
56864092,RepMikeQuigley,Democrat,House,IL,"QUIGLEY, Mike",20954,1998
549579841,jamie_raskin,Democrat,House,MD,"RASKIN, Jamie Ben",21741,221
806906355214852096,RepRaskin,Democrat,House,MD,"RASKIN, Jamie Ben",21741,3282
2847221717,RepRatcliffe,Republican,House,TX,"RATCLIFFE, John",21549,420
486694111,SenJackReed,Democrat,Senate,RI,"REED, John F. (Jack)",29142,814
63073834,TomReedCongress,Republican,House,NY,"REED, Thomas W. II",21101,34
252819323,RepTomReed,Republican,House,NY,"REED, Thomas W. II",21101,573
477223342,reschenthaler,Republican,House,PA,"RESCHENTHALER, Guy",21956,14
4205133682,GReschenthaler,Republican,House,PA,"RESCHENTHALER, Guy",21956,582
82423741,KathleenRice,Democrat,House,NY,"RICE, Kathleen Maura",21540,44
2970462034,RepKathleenRice,Democrat,House,NY,"RICE, Kathleen Maura",21540,939
720672102,TomRiceSC7,Republican,House,SC,"RICE, Tom",21359,1
1058345042,RepTomRice,Republican,House,SC,"RICE, Tom",21359,517
142419647,CedricRichmond,Democrat,House,LA,"RICHMOND, Cedric",21137,203
267854863,RepRichmond,Democrat,House,LA,"RICHMOND, Cedric",21137,296
818507671284416513,Denver4VA,Republican,House,VA,"RIGGLEMAN, Denver",21957,185
1080504024695222273,RepRiggleman,Republican,House,VA,"RIGGLEMAN, Denver",21957,1348
1096059529,SenatorRisch,Republican,Senate,ID,"RISCH, James",40902,529
75364211,SenPatRoberts,Republican,Senate,KS,"ROBERTS, Charles Patrick (Pat)",14852,778
586730005,PatRoberts,Republican,Senate,KS,"ROBERTS, Charles Patrick (Pat)",14852,1
69086398,TeamRoby,Republican,House,AL,"ROBY, Martha",21192,12
224294785,RepMarthaRoby,Republican,House,AL,"ROBY, Martha",21192,728
52503751,DrPhilRoe,Republican,House,TN,"ROE, David P. (Phil)",20947,508
550401754,RepHalRogers,Republican,House,KY,"ROGERS, Harold Dallas (Hal)",14854,237
33977070,RepMikeRogersAL,Republican,House,AL,"ROGERS, Mike Dennis",20301,1136
76069325,MikeRogersCamp,Republican,House,AL,"ROGERS, Mike Dennis",20301,69
50055701,MittRomney,Republican,Senate,UT,"ROMNEY, Willard Mitt (Mitt)",41902,150
816111677917851649,RepRooney,Republican,House,FL,"ROONEY, Francis",21742,177
894940941039144962,JohnRoseforTN,Republican,House,TN,"ROSE, John",21959,281
1081312310059253763,RepJohnRose,Republican,House,TN,"ROSE, John",21959,441
892491627088011264,MaxRose4NY,Democrat,House,NY,"ROSE, Max",21958,1037
1078692057940742144,RepMaxRose,Democrat,House,NY,"ROSE, Max",21958,1075
4749863113,RosenforNevada,Democrat,Senate,NV,"ROSEN, Jacklyn Sheryl",21743,61
27789237,HarleyRouda,Democrat,House,CA,"ROUDA, Harley",21960,285
1075080722241736704,RepHarley,Democrat,House,CA,"ROUDA, Harley",21960,937
978029858,RoundsforSenate,Republican,Senate,SD,"ROUNDS, Marion Michael (Mike)",41505,72
2955485182,SenatorRounds,Republican,Senate,SD,"ROUNDS, Marion Michael (Mike)",41505,1030
127941167,DavidRouzer,Republican,House,NC,"ROUZER, David",21544,11
834069080,RepDavidRouzer,Republican,House,NC,"ROUZER, David",21544,409
479872233,RepRoybalAllard,Democrat,House,CA,"ROYBAL-ALLARD, Lucille",29317,1931
1257667158,chiproytx,Republican,House,TX,"ROY, Charles",21961,14368
1082790600292925440,RepChipRoy,Republican,House,TX,"ROY, Charles",21961,1293
15745368,marcorubio,Republican,Senate,FL,"RUBIO, Marco",41102,3274
409522947,Dr_RaulRuiz,Democrat,House,CA,"RUIZ, Raul",21311,1
1089859058,CongressmanRuiz,Democrat,House,CA,"RUIZ, Raul",21311,381
305620929,Call_Me_Dutch,Democrat,House,MD,"RUPPERSBERGER, C. A. (Dutch)",20329,962
305216911,RepBobbyRush,Democrat,House,IL,"RUSH, Bobby L.",29346,1479
733672650120253440,JRutherfordFL,Republican,House,FL,"RUTHERFORD, John Henry",21744,18
828977216595849216,RepRutherfordFL,Republican,House,FL,"RUTHERFORD, John Henry",21744,603
13491312,RepTimRyan,Democrat,House,OH,"RYAN, Timothy J.",20343,1354
466532637,TimRyan,Democrat,House,OH,"RYAN, Timothy J.",20343,2720
312134473,RepLindaSanchez,Democrat,House,CA,"SÃNCHEZ, Linda T.",20310,1108
29442313,SenSanders,Independent,Senate,VT,"SANDERS, Bernard",29147,1706
216776631,BernieSanders,Independent,Senate,VT,"SANDERS, Bernard",29147,5924
259364314,JohnSarbanes,Democrat,House,MD,"SARBANES, John",20724,86
364415553,RepSarbanes,Democrat,House,MD,"SARBANES, John",20724,1309
1480852568,BenSasse,Republican,Senate,NE,"SASSE, Benjamin Eric",41503,252
2962923040,SenSasse,Republican,Senate,NE,"SASSE, Benjamin Eric",41503,17
1209417007,SteveScalise,Republican,House,LA,"SCALISE, Steve",20759,2149
2746741969,GeauxScalise,Republican,House,LA,"SCALISE, Steve",20759,5
961312723035394048,marygayscanlon,Democrat,House,PA,"SCANLON, Mary Gay",21762,599
24195214,janschakowsky,Democrat,House,IL,"SCHAKOWSKY, Janice D.",29911,2154
85896319,RepSchakowsky,Democrat,House,IL,"SCHAKOWSKY, Janice D.",29911,544
47747074,brianschatz,Democrat,Senate,HI,"SCHATZ, Brian Emanuel",41112,5012
1262099252,SenBrianSchatz,Democrat,Senate,HI,"SCHATZ, Brian Emanuel",41112,235
29501253,RepAdamSchiff,Democrat,House,CA,"SCHIFF, Adam",20104,766
278005891,Schneider4IL10,Democrat,House,IL,"SCHNEIDER, Brad",21326,56
1071840474,RepSchneider,Democrat,House,IL,"SCHNEIDER, Brad",21326,896
20545793,RepSchrader,Democrat,House,OR,"SCHRADER, Kurt",20944,470
2696825456,VoteSchrader,Democrat,House,OR,"SCHRADER, Kurt",20944,14
862393019173003264,DrKimSchrier,Democrat,House,WA,"SCHRIER, Kim",21962,103
1080462532815532032,RepKimSchrier,Democrat,House,WA,"SCHRIER, Kim",21962,652
17494010,SenSchumer,Democrat,Senate,NY,"SCHUMER, Charles Ellis (Chuck)",14858,1269
1872999342,chuckschumer,Democrat,Senate,NY,"SCHUMER, Charles Ellis (Chuck)",14858,8
234797704,AustinScottGA08,Republican,House,GA,"SCOTT, Austin",21123,346
168673083,repdavidscott,Democrat,House,GA,"SCOTT, David",20321,203
170341758,Electdavidscott,Democrat,House,GA,"SCOTT, David",20321,107
131546062,SenRickScott,Republican,Senate,FL,"SCOTT, Richard Lynn (Rick)",41903,4388
306389855,ScottforFlorida,Republican,Senate,FL,"SCOTT, Richard Lynn (Rick)",41903,193
161791703,BobbyScott,Democrat,House,VA,"SCOTT, Robert C.",39307,845
319829219,BobbyScott4VA3,Democrat,House,VA,"SCOTT, Robert C.",39307,32
81191343,votetimscott,Republican,Senate,SC,"SCOTT, Tim",21173,1
217543151,SenatorTimScott,Republican,Senate,SC,"SCOTT, Tim",21173,866
851621377,JimPressOffice,Republican,House,WI,"SENSENBRENNER, Frank James, Jr.",14657,336
33563161,RepJoseSerrano,Democrat,House,NY,"SERRANO, Jose E.",29134,510
69326168,Sewell4Congress,Democrat,House,AL,"SEWELL, Terri",21102,170
381152398,RepTerriSewell,Democrat,House,AL,"SEWELL, Terri",21102,1078
14125897,JeanneShaheen,Democrat,Senate,NH,"SHAHEEN, Jeanne",40906,216
109287731,SenatorShaheen,Democrat,Senate,NH,"SHAHEEN, Jeanne",40906,1163
737719829579345920,DonnaShalala,Democrat,House,FL,"SHALALA, Donna",21963,141
1060584809095925762,RepShalala,Democrat,House,FL,"SHALALA, Donna",21963,1950
21111098,SenShelby,Republican,Senate,AL,"SHELBY, Richard C.",94659,551
30216513,BradSherman,Democrat,House,CA,"SHERMAN, Brad",29707,718
1577754348,MikieSherrill,Democrat,House,NJ,"SHERRILL, Mikie",21964,319
1080569698536878081,RepSherrill,Democrat,House,NJ,"SHERRILL, Mikie",21964,1389
76132891,CongMikeSimpson,Republican,House,ID,"SIMPSON, Michael K.",29910,411
314223728,MikeSimpson4ID,Republican,House,ID,"SIMPSON, Michael K.",29910,63
20747881,kyrstensinema,Democrat,Senate,AZ,"SINEMA, Kyrsten",21300,1161
18696134,RepSires,Democrat,House,NJ,"SIRES, Albio",20542,1742
860547911268139008,ElissaSlotkin,Democrat,House,MI,"SLOTKIN, Elissa",21965,89
1078401427347857408,RepSlotkin,Democrat,House,MI,"SLOTKIN, Elissa",21965,765
50789200,electadamsmith,Democrat,House,WA,"SMITH, Adam",29768,58
58928690,RepAdamSmith,Democrat,House,WA,"SMITH, Adam",29768,848
296245061,RepAdrianSmith,Republican,House,NE,"SMITH, Adrian",20729,590
1289319271,RepChrisSmith,Republican,House,NJ,"SMITH, Christopher Henry",14863,64
26653478,JasonSmithMO,Republican,House,MO,"SMITH, Jason",21373,535
1623308912,RepJasonSmith,Republican,House,MO,"SMITH, Jason",21373,557
47724293,TinaSmithMN,Democrat,Senate,MN,"SMITH, Tina",41706,682
941000686275387392,SenTinaSmith,Democrat,Senate,MN,"SMITH, Tina",41706,1225
41417564,RepSmucker,Republican,House,PA,"SMUCKER, Lloyd K.",21745,910
4212470319,LloydSmuckerPA,Republican,House,PA,"SMUCKER, Lloyd K.",21745,44
1730030220,DarrenSoto,Democrat,House,FL,"SOTO, Darren Michael",21746,357
818713465653051392,RepDarrenSoto,Democrat,House,FL,"SOTO, Darren Michael",21746,2108
882958562296819714,SpanbergerVA07,Democrat,House,VA,"SPANBERGER, Abigail",21966,1179
1078771401497161728,RepSpanberger,Democrat,House,VA,"SPANBERGER, Abigail",21966,1329
605615715,RossSpano,Republican,House,FL,"SPANO, Ross",21967,29
24913074,RepSpeier,Democrat,House,CA,"SPEIER, Karen Lorraine Jacqueline (Jackie)",20762,1359
521731529,JackieSpeier,Democrat,House,CA,"SPEIER, Karen Lorraine Jacqueline (Jackie)",20762,609
20113797,stabenow,Democrat,Senate,MI,"STABENOW, Deborah Ann",29732,115
76456274,SenStabenow,Democrat,Senate,MI,"STABENOW, Deborah Ann",29732,919
218292287,gregstantonaz,Democrat,House,AZ,"STANTON, Greg",21968,214
1080885078425784320,RepGregStanton,Democrat,House,AZ,"STANTON, Greg",21968,623
883069589722198018,PeteStauber,Republican,House,MN,"STAUBER, Peter",21969,347
1075830599007510535,RepPeteStauber,Republican,House,MN,"STAUBER, Peter",21969,596
109579534,EliseStefanik,Republican,House,NY,"STEFANIK, Elise M",21541,2054
2962813893,RepStefanik,Republican,House,NY,"STEFANIK, Elise M",21541,1010
986423555025002497,BryanSteilforWI,Republican,House,WI,"STEIL, Bryan",21970,2
1075205691621720064,RepBryanSteil,Republican,House,WI,"STEIL, Bryan",21970,1503
21924842,gregsteube,Republican,House,FL,"STEUBE, William",21971,12
1083125649609506816,RepGregSteube,Republican,House,FL,"STEUBE, William",21971,598
391445643,HaleyLive,Democrat,House,MI,"STEVENS, Haley",21972,1863
1076161611033968640,RepHaleyStevens,Democrat,House,MI,"STEVENS, Haley",21972,1811
395419988,StewartforUtah,Republican,House,UT,"STEWART, Chris",21367,52
1072008757,RepChrisStewart,Republican,House,UT,"STEWART, Chris",21367,727
59536644,stevestivers,Republican,House,OH,"STIVERS, Steve",21163,75
211420609,RepSteveStivers,Republican,House,OH,"STIVERS, Steve",21163,356
2891210047,SenDanSullivan,Republican,Senate,AK,"SULLIVAN, Daniel Scott",41500,844
18907639,Tom_Suozzi,Democrat,House,NY,"SUOZZI, Thomas",21747,40
816705409486618624,RepTomSuozzi,Democrat,House,NY,"SUOZZI, Thomas",21747,574
377609596,ericswalwell,Democrat,House,CA,"SWALWELL, Eric",21306,2394
942156122,RepSwalwell,Democrat,House,CA,"SWALWELL, Eric",21306,2220
316165422,MarkTakano,Democrat,House,CA,"TAKANO, Mark",21312,12
1037321378,RepMarkTakano,Democrat,House,CA,"TAKANO, Mark",21312,1407
21826591,VanTaylorTX,Republican,House,TX,"TAYLOR, Nicholas",21973,37
1075040139351597056,RepVanTaylor,Republican,House,TX,"TAYLOR, Nicholas",21973,433
16473577,jontester,Democrat,Senate,MT,"TESTER, Jon",40702,29
515822213,SenatorTester,Democrat,Senate,MT,"TESTER, Jon",40702,672
82453460,BennieGThompson,Democrat,House,MS,"THOMPSON, Bennie",29368,1068
18967498,CongressmanGT,Republican,House,PA,"THOMPSON, Glenn",20946,842
304138251,GT_TeamGT,Republican,House,PA,"THOMPSON, Glenn",20946,249
3612420317,Mike_CA05,Democrat,House,CA,"THOMPSON, Michael",29901,3
377534571,MacTXPress,Republican,House,TX,"THORNBERRY, William McClellan (Mac)",29572,197
296361085,SenJohnThune,Republican,Senate,SD,"THUNE, John",29754,1008
22195441,ThomTillis,Republican,Senate,NC,"TILLIS, Thomas Roland (Thom)",41504,823
2964174789,SenThomTillis,Republican,Senate,NC,"TILLIS, Thomas Roland (Thom)",41504,1005
958510641228275712,VoteTimmons,Republican,House,SC,"TIMMONS, William",21974,36
1079770852302958592,RepTimmons,Republican,House,SC,"TIMMONS, William",21974,280
18060563,ScottRTipton,Republican,House,CO,"TIPTON, Scott",21111,1
242873057,RepTipton,Republican,House,CO,"TIPTON, Scott",21111,604
17907578,dinatitus,Democrat,House,NV,"TITUS, Alice (Dina)",20927,653
122174004,repdinatitus,Democrat,House,NV,"TITUS, Alice (Dina)",20927,1888
435331179,RashidaTlaib,Democrat,House,MI,"TLAIB, Rashida",21975,4118
1079769536730140672,RepRashida,Democrat,House,MI,"TLAIB, Rashida",21975,791
84119348,RepPaulTonko,Democrat,House,NY,"TONKO, Paul",20934,1271
153865861,PaulTonko,Democrat,House,NY,"TONKO, Paul",20934,1294
26062385,PatToomey,Republican,Senate,PA,"TOOMEY, Patrick Joseph",29935,3
221162525,SenToomey,Republican,Senate,PA,"TOOMEY, Patrick Joseph",29935,437
236279233,NormaJTorres,Democrat,House,CA,"TORRES, Norma Judith",21508,1744
2409478435,Norma4Congress,Democrat,House,CA,"TORRES, Norma Judith",21508,204
427872569,XochforCongress,Democrat,House,NM,"TORRES SMALL, Xochitl",21976,18
1080830346915209216,RepTorresSmall,Democrat,House,NM,"TORRES SMALL, Xochitl",21976,596
17780920,latrahan,Democrat,House,MA,"TRAHAN, Lori",21977,11
1079802482640019456,RepLoriTrahan,Democrat,House,MA,"TRAHAN, Lori",21977,3243
4851790919,davidjtrone,Democrat,House,MD,"TRONE, David",21978,119
1080573351914061825,RepDavidTrone,Democrat,House,MD,"TRONE, David",21978,1488
51228911,RepMikeTurner,Republican,House,OH,"TURNER, Michael R.",20342,285
380498919,MikeTurnerOH,Republican,House,OH,"TURNER, Michael R.",20342,6
14140370,tomudall,Democrat,Senate,NM,"UDALL, Thomas (Tom)",29924,3
60828944,SenatorTomUdall,Democrat,Senate,NM,"UDALL, Thomas (Tom)",29924,1521
872156132688711681,LaurenUnderwood,Democrat,House,IL,"UNDERWOOD, Lauren",21979,555
1080539438508400642,RepUnderwood,Democrat,House,IL,"UNDERWOOD, Lauren",21979,1125
124224165,RepFredUpton,Republican,House,MI,"UPTON, Frederick Stephen",15446,1233
153507902,UptonForAllOfUs,Republican,House,MI,"UPTON, Frederick Stephen",15446,82
935756923806343168,VanDrewForNJ,Democrat,House,NJ,"VAN DREW, Jefferson",21980,41
1083469084648505344,CongressmanJVD,Democrat,House,NJ,"VAN DREW, Jefferson",21980,480
18137749,ChrisVanHollen,Democrat,Senate,MD,"VAN HOLLEN, Christopher",20330,1097
1260172386,RepJuanVargas,Democrat,House,CA,"VARGAS, Juan",21314,486
20688358,MarcVeasey,Democrat,House,TX,"VEASEY, Marc",21365,183
1074129612,RepVeasey,Democrat,House,TX,"VEASEY, Marc",21365,1094
1083448909,RepFilemonVela,Democrat,House,TX,"VELA, Filemon",21366,356
164369297,NydiaVelazquez,Democrat,House,NY,"VELÃZQUEZ, Nydia M.",29378,2931
721127537674489856,ReElectNydia,Democrat,House,NY,"VELÃZQUEZ, Nydia M.",29378,1732
193872188,RepVisclosky,Democrat,House,IN,"VISCLOSKY, Peter",15124,82
3282677347,TeamVisclosky,Democrat,House,IN,"VISCLOSKY, Peter",15124,8
219010139,AnnLWagner,Republican,House,MO,"WAGNER, Ann",21337,108
1051446626,RepAnnWagner,Republican,House,MO,"WAGNER, Ann",21337,611
146099856,TimWalberg,Republican,House,MI,"WALBERG, Tim",20725,38
237862972,RepWalberg,Republican,House,MI,"WALBERG, Tim",20725,645
32010840,repgregwalden,Republican,House,OR,"WALDEN, Greg",29932,806
180564322,votegregwalden,Republican,House,OR,"WALDEN, Greg",29932,23
436192442,Walker4NC,Republican,House,NC,"WALKER, Bradley Mark",21543,164
2966205003,RepMarkWalker,Republican,House,NC,"WALKER, Bradley Mark",21543,2032
14562874,jackiewalorski,Republican,House,IN,"WALORSKI, Jackie",21330,208
1065995022,RepWalorski,Republican,House,IN,"WALORSKI, Jackie",21330,748
833673914,michaelgwaltz,Republican,House,FL,"WALTZ, Michael",21981,327
1082416697380913152,RepMichaelWaltz,Republican,House,FL,"WALTZ, Michael",21981,2207
7429102,MarkWarner,Democrat,Senate,VA,"WARNER, Mark",40909,1559
970207298,SenWarren,Democrat,Senate,MA,"WARREN, Elizabeth",41301,1600
115979444,DWStweets,Democrat,House,FL,"WASSERMAN SCHULTZ, Debbie",20504,676
36686040,RepMaxineWaters,Democrat,House,CA,"WATERS, Maxine",29106,332
129259273,Steve4Kansas,Republican,House,KS,"WATKINS, Steve",21982,86
1080307235350241280,Rep_Watkins,Republican,House,KS,"WATKINS, Steve",21982,721
2968451607,RepBonnie,Democrat,House,NJ,"WATSON COLEMAN, Bonnie",21538,1983
373586796,WeberforTexas,Republican,House,TX,"WEBER, Randy",21360,63
1058051748,TXRandy14,Republican,House,TX,"WEBER, Randy",21360,762
281540744,RepWebster,Republican,House,FL,"WEBSTER, Daniel A.",21116,212
499109830,WelchForVT,Democrat,House,VT,"WELCH, Peter",20750,7
1410590874,PeterWelch,Democrat,House,VT,"WELCH, Peter",20750,292
313719282,bradwenstrup,Republican,House,OH,"WENSTRUP, Brad",21351,143
518644221,RepBradWenstrup,Republican,House,OH,"WENSTRUP, Brad",21351,785
1592481150,WestermanAR,Republican,House,AR,"WESTERMAN, Bruce Eugene",21563,49
2852998461,RepWesterman,Republican,House,AR,"WESTERMAN, Bruce Eugene",21563,827
2212905492,JenniferWexton,Democrat,House,VA,"WEXTON, Jennifer",21983,568
1017819745880543238,RepWexton,Democrat,House,VA,"WEXTON, Jennifer",21983,2028
242555999,SenWhitehouse,Democrat,Senate,RI,"WHITEHOUSE, Sheldon",40704,3640
770121222,SheldonforRI,Democrat,Senate,RI,"WHITEHOUSE, Sheldon",40704,105
11650762,RogerWicker,Republican,Senate,MS,"WICKER, Roger F.",29534,270
264219447,SenatorWicker,Republican,Senate,MS,"WICKER, Roger F.",29534,1516
533324996,wildforcongress,Democrat,House,PA,"WILD, Susan",21763,108
1069636653353000962,RepSusanWild,Democrat,House,PA,"WILD, Susan",21763,1506
18197328,RogerWilliamsTX,Republican,House,TX,"WILLIAMS, Roger",21364,162
1077446982,RepRWilliams,Republican,House,TX,"WILLIAMS, Roger",21364,960
15116570,CongJoeWilson,Republican,House,SC,"WILSON, Addison Graves (Joe)",20138,18
254082173,RepJoeWilson,Republican,House,SC,"WILSON, Addison Graves (Joe)",20138,652
234014087,RepWilson,Democrat,House,FL,"WILSON, Frederica",21118,1603
15356407,RobWittman,Republican,House,VA,"WITTMAN, Robert J.",20756,1040
46184745,ReElectWittman,Republican,House,VA,"WITTMAN, Robert J.",20756,153
112651673,womack4congress,Republican,House,AR,"WOMACK, Steve",21108,17
234469322,rep_stevewomack,Republican,House,AR,"WOMACK, Steve",21108,1864
2382685057,RepRobWoodall,Republican,House,GA,"WOODALL, Rob",21122,588
951930981409284096,ron4congress,Republican,House,TX,"WRIGHT, Ron",21984,19
1080854935535800320,RepRonWright,Republican,House,TX,"WRIGHT, Ron",21984,702
250188760,RonWyden,Democrat,Senate,OR,"WYDEN, Ronald Lee",14871,1942
292495654,WydenPress,Democrat,Senate,OR,"WYDEN, Ronald Lee",14871,505
384913290,RepJohnYarmuth,Democrat,House,KY,"YARMUTH, John",20723,782
274164368,TedYoho,Republican,House,FL,"YOHO, Ted",21317,57
1071900114,RepTedYoho,Republican,House,FL,"YOHO, Ted",21317,628
37007274,repdonyoung,Republican,House,AK,"YOUNG, Donald Edwin",14066,320
2559398984,DonYoungAK,Republican,House,AK,"YOUNG, Donald Edwin",14066,23
59969802,ToddYoungIN,Republican,Senate,IN,"YOUNG, Todd",21133,72
234128524,SenToddYoung,Republican,Senate,IN,"YOUNG, Todd",21133,1475
15874918,leezeldin,Republican,House,NY,"ZELDIN, Lee M",21539,522
2750127259,RepLeeZeldin,Republican,House,NY,"ZELDIN, Lee M",21539,1584
